{"products":[{"id":"0.08655945107944607","qty":1}],"totalPrice":8.640000000000002}